file,url
WKAPL00057001166.jpg,https://drive.google.com/uc?export=view&id=15KSKKE4l0josR92bsptS7t46DFwWcbMM
WKAPL00172000041.jpg,https://drive.google.com/uc?export=view&id=1OffGxMstDh2i5zlXqr2iUyFUpFLS2Fh0
WKAPL00026000837.jpg,https://drive.google.com/uc?export=view&id=1inEh-IaXen0SnYEeeLRTuJzSxxVJL0L-
WKAPL00056001108.jpg,https://drive.google.com/uc?export=view&id=1-p1UohIKpk5QK0jonxw1B-8wlIbOyFn6
WKAPL00349000140.jpg,https://drive.google.com/uc?export=view&id=14uULbrJ6ZYVBeCe0AdyDjs_MerWp7d_R
WKAPL00209000373.jpg,https://drive.google.com/uc?export=view&id=1KzKCn2YbW2mtDRIqJ15dTIfxrixVggWT
WKAPL00283000756.jpg,https://drive.google.com/uc?export=view&id=1Bc5eLqdldMcSuV22LRfYe049R8jqYEWq
WKAPL00227000798.jpg,https://drive.google.com/uc?export=view&id=1WdKGPd57STUw24fMgaIcsZVRfzYi-sKx
WKAPL00299000985.jpg,https://drive.google.com/uc?export=view&id=1IXbHTsApDlraJelwZrSOPgN6ZjLD_OKu
WKAPL00127001065.jpg,https://drive.google.com/uc?export=view&id=1mEm3pzofrTVt3AvRx44BshhIOKrD5O25
WKAPL00042000625.jpg,https://drive.google.com/uc?export=view&id=1oDDKemNMRZsUrGCNNfKyUkZXqMpz0iZk
WKAPL00337000485.jpg,https://drive.google.com/uc?export=view&id=16G6DJcMfJfel-Z-aVwKFCQ-tcXAdpGdS
WKAPL00066000719.jpg,https://drive.google.com/uc?export=view&id=19m2Di2xJmWWa6zQmfuad63pwStlO7srq
WKAPL00225000586.jpg,https://drive.google.com/uc?export=view&id=1TUYQGbt_cGgum4mZffscb3pGJw43IHHB
WKAPL00079000885.jpg,https://drive.google.com/uc?export=view&id=1DNwzHMzg9AmIUp02pQJbxqpO8r_z20KL
WKAPL00012000948.jpg,https://drive.google.com/uc?export=view&id=1fCnQWdONlpMqV5p7uuysw0hznMZdPpaK
WKAPL00262000424.jpg,https://drive.google.com/uc?export=view&id=1U-tggT6oEfpIBD6FOtyRkuTLcdPGTxcN
WKAPL00067000661.jpg,https://drive.google.com/uc?export=view&id=1qGUCK0G9U2eMdW0wzv-7NzAR2VNjbvK7
WKAPL00092000478.jpg,https://drive.google.com/uc?export=view&id=1z3fG4KBSNtpgDwCegTvFKw409UspxBbz
WKAPL00117000474.jpg,https://drive.google.com/uc?export=view&id=13oSCuPugnmX4v8vMGydjqOagOf126n8A
WKAPL00029001223.jpg,https://drive.google.com/uc?export=view&id=1tERergzjkzgAMiZGI4IMJH4D6YgqP0lN
WKAPL00036000455.jpg,https://drive.google.com/uc?export=view&id=18TQYQSv8GAJpHX1wsSVZDZkXBt0SiG__
WKAPL00007000382.jpg,https://drive.google.com/uc?export=view&id=1BT5p7oEB3zu5cFmJaLLQPiGLTJ-ZWcxQ
WKAPL00166000464.jpg,https://drive.google.com/uc?export=view&id=1MPiYUFAhcO-L2BqnSAG7iURpTPte8V1j
WKAPL00175000087.jpg,https://drive.google.com/uc?export=view&id=12n6FFhOapshvY015U-du-qMY1hv1sQXm
WKAPL00320001099.jpg,https://drive.google.com/uc?export=view&id=1mlDB9q4YHHDYHLUuSrhZConKe-ZYWzvf
WKAPL00192000723.jpg,https://drive.google.com/uc?export=view&id=1ptcyywbLYFMcPZavhYodGHEgCqOpPN6r
WKAPL00116000700.jpg,https://drive.google.com/uc?export=view&id=1q0I4EnAEuBOroYO9CWE0kCx_TObtQZ-l
WKAPL00178001338.jpg,https://drive.google.com/uc?export=view&id=1y6yo5_hB3Fet93m-Ex2bMp71Bx0hLzlg
WKAPL00035001168.jpg,https://drive.google.com/uc?export=view&id=1PtgkB1J3ZnQTimKftGeZc2f3oza4e26h
WKAPL00029000335.jpg,https://drive.google.com/uc?export=view&id=1V3ewDzYOf3e4uNF6JFex0R6lDoOXTiFQ
WKAPL00350001057.jpg,https://drive.google.com/uc?export=view&id=1rf2tOQFaJu3uacyJNR9hgMhVXyg3fzeU
WKAPL00074000814.jpg,https://drive.google.com/uc?export=view&id=1N30f-J5-mMAez61s0miPvcR__6GjcLPn
WKAPL00328001232.jpg,https://drive.google.com/uc?export=view&id=1mQxsLFEjCcV6y7x0MI6MgsMUjgmHYzQN
WKAPL00010000920.jpg,https://drive.google.com/uc?export=view&id=19mxf49lBPXuaJC_2ZaLixTXGjePFTXtO
WKAPL00227000559.jpg,https://drive.google.com/uc?export=view&id=1aJf-ZrnMjzhcT9cSn_tKtdtaTLO0ZiZ6
WKAPL00335000823.jpg,https://drive.google.com/uc?export=view&id=1kE_6xJ_T9qSCNQ2NZfaJCV7sEhdc0eZo
WKAPL00217001316.jpg,https://drive.google.com/uc?export=view&id=172qg2s1yrJlpTRl7dklzDaREKvjHjk4P
WKAPL00089000846.jpg,https://drive.google.com/uc?export=view&id=192YoREEk4t9Lw1sLpmFe-qi1mhIf_SLQ
WKAPL00218000374.jpg,https://drive.google.com/uc?export=view&id=1lIRuJEejuqprLMqJXv_CFXHUiJoFiGg7
WKAPL00236001348.jpg,https://drive.google.com/uc?export=view&id=1agnlTH6DYo9oAIdv0IwneqCJIxNIX2Ik
WKAPL00316000673.jpg,https://drive.google.com/uc?export=view&id=1iW0YE8oI9SaUPI_r7zS3Xj67d_sRje1N
WKAPL00260001066.jpg,https://drive.google.com/uc?export=view&id=1-7gOcddxRPDuWt2WCTeJc-juHzQApWyv
WKAPL00102000046.jpg,https://drive.google.com/uc?export=view&id=1JnpsfhFsQ42djLSHtSzxAKWlZsEOwx17
WKAPL00213000940.jpg,https://drive.google.com/uc?export=view&id=1MTqsfDdasgMZDv1GrHMUfiO7WW_uzyPJ
WKAPL00308000943.jpg,https://drive.google.com/uc?export=view&id=114AnDdWl5kWYZQ_tN_dZFcOpEnKknCiG
WKAPL00020000147.jpg,https://drive.google.com/uc?export=view&id=1F6tvN0ixIOT4FV4YayiYDkrgyhV30dvG
WKAPL00024000561.jpg,https://drive.google.com/uc?export=view&id=1qW30zxX-wk0DNxIOESOEcK_jIIcPyNGa
WKAPL00080000028.jpg,https://drive.google.com/uc?export=view&id=10hyDZ1D8NgG_6XRDSXrJsF2VuOqpocsl
WKAPL00330000824.jpg,https://drive.google.com/uc?export=view&id=1ZSiollaObQXNtBsK6TagYFV5r6H7D1Te
WKAPL00301001036.jpg,https://drive.google.com/uc?export=view&id=1tv4Do0TnPYMJv2nOUjvedNkY6xyRnmgu
WKAPL00139000725.jpg,https://drive.google.com/uc?export=view&id=1vD-JXKZA1GiS19KEA-1AdpAH8pEL9Ysm
WKAPL00019000130.jpg,https://drive.google.com/uc?export=view&id=1wnTlT8pSn2sdHshf3cFcOeOs8Ad2UNX8
WKAPL00050001056.jpg,https://drive.google.com/uc?export=view&id=1K6X4SO-DxAqMuVTbQn79UUxPw_oyyJko
WKAPL00264000641.jpg,https://drive.google.com/uc?export=view&id=1UkHtfh7vIjs662VBBz1GtTumXgbQm3FY
WKAPL00262000728.jpg,https://drive.google.com/uc?export=view&id=12zO2mDP3u083WsRxdQFsq_kHUNzCmVEp
WKAPL00153001033.jpg,https://drive.google.com/uc?export=view&id=1wE4Z8JhFQfHlVhmSPNKUybJ1kRgruYmF
WKAPL00015000162.jpg,https://drive.google.com/uc?export=view&id=1xduxBe8B8GH8ytZFDAQiZJQ50eXEoudY
WKAPL00306001069.jpg,https://drive.google.com/uc?export=view&id=11bijHzOs9lt3WX7eEuBfE-SAmipk4V8R
WKAPL00247001108.jpg,https://drive.google.com/uc?export=view&id=1Mqbbtb3QqDWIgqj7kdSpXTo7ds4FN3-8
WKAPL00031001021.jpg,https://drive.google.com/uc?export=view&id=1sEkmH1tmFxwBAsK8hL25uT6gDi2rimjT
WKAPL00144000950.jpg,https://drive.google.com/uc?export=view&id=16Ug_MkQm8x5EhxFuVMxr6mxF8THdGtoO
WKAPL00026000601.jpg,https://drive.google.com/uc?export=view&id=1SxzHZ3LiSkuREIdlVtMOGZcSYqUP_GsM
WKAPL00346000805.jpg,https://drive.google.com/uc?export=view&id=1U2y3njLpuKlk652Wlq2X4q2CZ8K4K5kx
WKAPL00247000397.jpg,https://drive.google.com/uc?export=view&id=1f_CD3lL5uthBqIYn9Hp1wYcin7DPoHpN
WKAPL00166000265.jpg,https://drive.google.com/uc?export=view&id=1wwRUUh5rzTUuRnb04GufwC-6VGQk-Etm
WKAPL00028000493.jpg,https://drive.google.com/uc?export=view&id=1EFOXSRGl4B6ogVneHZKYWvNFh4PcWuNW
WKAPL00256001097.jpg,https://drive.google.com/uc?export=view&id=1ZfvVfCLCpzYE-aZBZEZvk1D_HOipEtX4
WKAPL00224000646.jpg,https://drive.google.com/uc?export=view&id=1DZ0JzqrKLYEDg_KbJBlJV-VvI1Ayh-aN
WKAPL00195001314.jpg,https://drive.google.com/uc?export=view&id=1s2AWwMq6wJjvPFWz2xQb101gJ4gtjNAY
WKAPL00147001229.jpg,https://drive.google.com/uc?export=view&id=1w3mRbjuLCQW2WbLrnQ9NNpIZTyo_cA4-
WKAPL00336000897.jpg,https://drive.google.com/uc?export=view&id=14hj4T01DsW66nBhB0HRr48ndObayfnU1
WKAPL00037000978.jpg,https://drive.google.com/uc?export=view&id=1oASFSHkzoEKe9X_WgQ_OqavNnCfjrz68
WKAPL00052000852.jpg,https://drive.google.com/uc?export=view&id=1yDfX2J-JQ65Wr66G9HFd9_e6PEqNUWvG
WKAPL00043001174.jpg,https://drive.google.com/uc?export=view&id=11N58YOIRZOKPE2fDusBNuovwK8-avq24
WKAPL00236000435.jpg,https://drive.google.com/uc?export=view&id=1MQLY2ifMyhhRUKRRwh-q7xPUfDBNZi1c
WKAPL00199000030.jpg,https://drive.google.com/uc?export=view&id=12GdjAVy9zLMCoZuriXJb6xMLmtI0MoVU
WKAPL00062000955.jpg,https://drive.google.com/uc?export=view&id=15aZNW1j-57Y0F__IMPVwCxbHK84jDDdJ
WKAPL00311000463.jpg,https://drive.google.com/uc?export=view&id=1J4T4yDsmRoR_03IGJDBobfJdT3YolURG
WKAPL00226000652.jpg,https://drive.google.com/uc?export=view&id=1nvRtZg8nyRIcSoL8_7PxRBwyekFWvHkM
WKAPL00109000498.jpg,https://drive.google.com/uc?export=view&id=1sTEw_iHGvOS_7L9q1Iz4nKdMs4Qkcsar
WKAPL00096000054.jpg,https://drive.google.com/uc?export=view&id=12nCuIz6rieiWs81IWaIELs4tvmOX6PR_
WKAPL00013000901.jpg,https://drive.google.com/uc?export=view&id=1IrkscOsYEELMVINzRAgH2ZFLFZyLP2OE
WKAPL00028000550.jpg,https://drive.google.com/uc?export=view&id=1c1CbNKS5tOURuecaWoOLloB15QhMu78W
WKAPL00272000163.jpg,https://drive.google.com/uc?export=view&id=1Ffjr74lIc5AhqXkdPA5QY3csH4Nn3bzv
WKAPL00294000589.jpg,https://drive.google.com/uc?export=view&id=1co1omBuVBHBkT9bn2XDjCfqgHU3zw3d1
WKAPL00139000857.jpg,https://drive.google.com/uc?export=view&id=1dheIIMYdWVncDOzUGEhBsLSo_PHUze7p
WKAPL00285000828.jpg,https://drive.google.com/uc?export=view&id=10RygKEj8PJOsXL0dH8dsHPX3_Iq9P7bC
WKAPL00059000288.jpg,https://drive.google.com/uc?export=view&id=1yhvXgXqYINTBRKihJ_eu4IvUUC4M_mGV
WKAPL00251001314.jpg,https://drive.google.com/uc?export=view&id=10h_iadr_BTyL5xFtXRyUFEByEkYPljVw
WKAPL00136000939.jpg,https://drive.google.com/uc?export=view&id=1buVXkmx7CHwq4mhav0K_-rUgie9i5fPQ
WKAPL00320000201.jpg,https://drive.google.com/uc?export=view&id=1k1xHYAlKTnXsVClOUFB945Cd1LpklNgO
WKAPL00261000741.jpg,https://drive.google.com/uc?export=view&id=1QksypSDpVCRJ95eOXhAw928IAY14pnPu
WKAPL00283000121.jpg,https://drive.google.com/uc?export=view&id=1pb6ILk8JKZMxBCOBso89bT9ZnMdmHsgB
WKAPL00323001287.jpg,https://drive.google.com/uc?export=view&id=175CGFXZvTWcp97Zl_16n2vTupbv1SKNE
WKAPL00095001222.jpg,https://drive.google.com/uc?export=view&id=1VPibS7jyFVocCZS5_2T_jsVLdg1b7RMe
WKAPL00037000303.jpg,https://drive.google.com/uc?export=view&id=1fu7GM5c9m4YzhTojFb8NmARUrrX2iXk6
WKAPL00349000256.jpg,https://drive.google.com/uc?export=view&id=1KPgYzxzcMA9ICyJAkxTa0usUgnMaTKES
WKAPL00062000061.jpg,https://drive.google.com/uc?export=view&id=1QQq3BYpGdmialTPLPsqXEh2OC7bmLZIU
WKAPL00003001175.jpg,https://drive.google.com/uc?export=view&id=1cOu7Ds-x0ax_rD_uD_MD6W2XxcAJnx9c
WKAPL00090001120.jpg,https://drive.google.com/uc?export=view&id=1PLjkgUCMN8PU7NKs8wyeMNVnmT0Z8brG
WKAPL00031000209.jpg,https://drive.google.com/uc?export=view&id=1fZ7pij8sBSi3VaHf4JPYCYV-BrwGYh29
WKAPL00047000488.jpg,https://drive.google.com/uc?export=view&id=1C410JAThkV1CMbCVC34rp0Ttc--zcW5a
WKAPL00048000852.jpg,https://drive.google.com/uc?export=view&id=1_GmPs12NgIcIz7uVs4FJaRxd4tdaycrg
WKAPL00141000550.jpg,https://drive.google.com/uc?export=view&id=1nm46kL8SnPBZkgnUnwJo0MT7K0zCfCu1
WKAPL00318000182.jpg,https://drive.google.com/uc?export=view&id=1FilnEQSVeKuV4EsMnWP_XGuxYMLjcN8A
WKAPL00081000365.jpg,https://drive.google.com/uc?export=view&id=1JZ3lSLcnm16ovTJI4t0dL1IabDfpZ4H2
WKAPL00333000467.jpg,https://drive.google.com/uc?export=view&id=1cMVZG_hryuQrW-8AjaomF4cLnao0ZesB
WKAPL00157000637.jpg,https://drive.google.com/uc?export=view&id=13aiE8odePe3e5cBywlXUK2nQrLJO-WbG
WKAPL00003000751.jpg,https://drive.google.com/uc?export=view&id=1HGKV67ERyldfftlOi3YptTFxOBFUFkEW
WKAPL00231000921.jpg,https://drive.google.com/uc?export=view&id=1-gz3SdMMu8CzqKs2evLL2XkjjdjiT41b
WKAPL00237000593.jpg,https://drive.google.com/uc?export=view&id=1iUiIcCUiZIK7wVOtdGMcAnvQGNudsUH1
WKAPL00143000014.jpg,https://drive.google.com/uc?export=view&id=1o60Zh80tbnR5TZLddB-wTqSPus0XNib2
WKAPL00007000429.jpg,https://drive.google.com/uc?export=view&id=16fJFHj7kdJe48ulmbRiwp7Lf1JP4Hs1O
WKAPL00302000050.jpg,https://drive.google.com/uc?export=view&id=1NspfGEersxO76MlBTPXKRv-4lEhgQChf
WKAPL00308000864.jpg,https://drive.google.com/uc?export=view&id=1e8XBwit-mSFwbzEyNxrbna2VSZgsasQR
WKAPL00033001024.jpg,https://drive.google.com/uc?export=view&id=1m8rDDnqKt3PL_H_87TH5c2YSQaGlKDbZ
WKAPL00303000903.jpg,https://drive.google.com/uc?export=view&id=1wrq8ZBAd3fD8In1lCypd2DjzrbgaUw1Q
WKAPL00115000556.jpg,https://drive.google.com/uc?export=view&id=11SxeJ91WfXQnQJLm9rLsMS-MezWuhoWt
WKAPL00212000448.jpg,https://drive.google.com/uc?export=view&id=1aQl49KMorzNFY2C_1YqoF9I-AErQCpeD
WKAPL00130000803.jpg,https://drive.google.com/uc?export=view&id=1nhWz4-ZCPpuzjPu_rXhF0IVt9El3aNy6
WKAPL00126001207.jpg,https://drive.google.com/uc?export=view&id=1WlkrX7N5sxcDQzAb4VB4iTTd1Uiuuj7o
WKAPL00298000986.jpg,https://drive.google.com/uc?export=view&id=1v2HY6PznhbNU8VlWuLXJwhK4japsdXrK
WKAPL00235001129.jpg,https://drive.google.com/uc?export=view&id=1B-u1lRD11fKejo80S-m7AA9MfhR20u_k
WKAPL00189000168.jpg,https://drive.google.com/uc?export=view&id=1Cdv5vPN4n2-VjyZWnQ3sbp_50CDjOUz3
WKAPL00076001045.jpg,https://drive.google.com/uc?export=view&id=1pJivYdyngtZo0MT7NSl_Q0dWXc0OTkMB
WKAPL00115000324.jpg,https://drive.google.com/uc?export=view&id=1G3beEkGbLaXJkTd0kqOQgUKPxiYWpRh1
WKAPL00115000665.jpg,https://drive.google.com/uc?export=view&id=1cqgky46v3zU-4DI9Qy4UmHT9HG7UsZ6z
WKAPL00027000769.jpg,https://drive.google.com/uc?export=view&id=1n2Pr8DrydRtLjcF-bXiqhjPhE2jveJCX
WKAPL00141001353.jpg,https://drive.google.com/uc?export=view&id=14K01WIyDoCn0tg5XLOcHYgfg3jbamsk3
WKAPL00111000562.jpg,https://drive.google.com/uc?export=view&id=1X6yUnLXRXGPxsFLisTqsB1a5aT4zO547
WKAPL00245000768.jpg,https://drive.google.com/uc?export=view&id=19EZENK8KOHiZTEI6ScUy99fcSf4_UNlp
WKAPL00055001130.jpg,https://drive.google.com/uc?export=view&id=1FD7Or_TzLxuir-vKGg4K7CzQ9m8WozfW
WKAPL00303000556.jpg,https://drive.google.com/uc?export=view&id=1GY2ZeMlM-RWgJZhdiFQVCYqO3BFd9-Ox
WKAPL00090000209.jpg,https://drive.google.com/uc?export=view&id=1dL2H4-k4Es4BEUpATw51s_gkA9w61gWz
WKAPL00204000094.jpg,https://drive.google.com/uc?export=view&id=1kr4uIyWF9wVaanNCALdyEOC6BV0tLZAW
WKAPL00239000232.jpg,https://drive.google.com/uc?export=view&id=19nFXv_SDr8x0BJc408Rb5AGvtcuezCsA
WKAPL00283000685.jpg,https://drive.google.com/uc?export=view&id=1BHdyQ_5Tv_ESp7qg0axNTUfmTcBK8bhy
WKAPL00282001308.jpg,https://drive.google.com/uc?export=view&id=1dC4o3kmErpWZteDULchQRbzaFAwMsfQT
WKAPL00271000372.jpg,https://drive.google.com/uc?export=view&id=1KDxdjbWLnUKdHCkOEXFDxiFyWvr-kbRj
WKAPL00348000657.jpg,https://drive.google.com/uc?export=view&id=1MUq9-MTTy0cHuK47P-cmN8u8pHGFTDbC
WKAPL00030001000.jpg,https://drive.google.com/uc?export=view&id=1ZPklrIM4FgU6LkuX9ukOSf0XI--xPvtj
WKAPL00089000022.jpg,https://drive.google.com/uc?export=view&id=12ZaHwCTKQOk5k8huJjmTJhC41KtgVuOg
WKAPL00182000688.jpg,https://drive.google.com/uc?export=view&id=176V7YPJAVE7vl6eb0ayS9oWC7TCwdg8i
WKAPL00285000490.jpg,https://drive.google.com/uc?export=view&id=1DX_isD6Sm2pHMBzKVy6qw1jJtDqaE8BR
WKAPL00092001061.jpg,https://drive.google.com/uc?export=view&id=1Ltl_bDzrcA5M2CqRDmbqw-A-xqIH69R_
WKAPL00023000981.jpg,https://drive.google.com/uc?export=view&id=1o9wjXVYnUSU2pMdSLVCtQIywo_uBuPx1
WKAPL00008000069.jpg,https://drive.google.com/uc?export=view&id=1T0qxOb3fLQwuuJ6TcIa_odshLQpMFGZN
WKAPL00232000111.jpg,https://drive.google.com/uc?export=view&id=1Yxuux7m52M6PaRumkRdLvV8FupDFswPt
WKAPL00126000522.jpg,https://drive.google.com/uc?export=view&id=1J1TirL0NNNvsBRl0ONogNuEo7oZw0RJR
WKAPL00314000850.jpg,https://drive.google.com/uc?export=view&id=1aLxJcCXJTAzKM0l9l7NSo07QWrm7agY4
WKAPL00130001001.jpg,https://drive.google.com/uc?export=view&id=1dKtLW_CgyNY4wPo0U5QPKlLYvqn86A12
WKAPL00315000694.jpg,https://drive.google.com/uc?export=view&id=1CV2v8PDurTxAexGa0F-mD6-q7YZ65naz
WKAPL00169000552.jpg,https://drive.google.com/uc?export=view&id=1Jl_udSY32j2-q383VnrfRt1Y6GL3dhTq
WKAPL00338001028.jpg,https://drive.google.com/uc?export=view&id=1S219mVvn59CYJmUY-qVWtR3zpO9BPWJC
WKAPL00060001367.jpg,https://drive.google.com/uc?export=view&id=13pAbflrAYDl4wavY4xLAVyOQtzrFcVgJ
WKAPL00119000785.jpg,https://drive.google.com/uc?export=view&id=1z9zAnL_em3zExg2kDXf5Kyp0kJPGwF0q
WKAPL00281001007.jpg,https://drive.google.com/uc?export=view&id=151gbZSSDNzeynsS6akn2tBjqOOXzxP0l
WKAPL00242000252.jpg,https://drive.google.com/uc?export=view&id=1EtpGAKK7Y1yxQp2i42aLdIHD0hOqwV23
WKAPL00212001263.jpg,https://drive.google.com/uc?export=view&id=1tRxAGP_zXXVRdc-xOnB3HOxGJ5jnuVIW
WKAPL00147000105.jpg,https://drive.google.com/uc?export=view&id=10yqKbmYeKJHGBJ_H0bz4iF-S-kecelUh
WKAPL00181000136.jpg,https://drive.google.com/uc?export=view&id=1H4pNxXu3-4aiKgX4G2UcQzGXoFbaFYQS
WKAPL00028001240.jpg,https://drive.google.com/uc?export=view&id=1WEyRT1Ec_a_hB2ocsd9T0Rys-Zvbx-qW
WKAPL00249000209.jpg,https://drive.google.com/uc?export=view&id=1c6PqnyOp8qlCY5C5kmZGs8gIVMkwVGOd
WKAPL00046000816.jpg,https://drive.google.com/uc?export=view&id=1zmydZs84SKbhLiy7qbrs0F8gvxlGtzXi
WKAPL00241000093.jpg,https://drive.google.com/uc?export=view&id=184jUq_Vhls4A4oSeWvYXK3pZNicT2iha
WKAPL00221000944.jpg,https://drive.google.com/uc?export=view&id=1BscPOQR8BBGxbtYDckUuqcQY-FOA709S
WKAPL00015000859.jpg,https://drive.google.com/uc?export=view&id=1tr7JKbjCLz3RC8swfGACjAHOpSf4PGgE
WKAPL00324000810.jpg,https://drive.google.com/uc?export=view&id=1fZptJooKiJTVdhBvHPtahAbPcWnNXnsy
WKAPL00134000572.jpg,https://drive.google.com/uc?export=view&id=1tnDKhDjUYf7Zb-KlW2z_X5knCcQqcPE1
WKAPL00082000307.jpg,https://drive.google.com/uc?export=view&id=10H1CCaN1g8JCGY1jHiRkomek9GPNC_CU
WKAPL00272000248.jpg,https://drive.google.com/uc?export=view&id=14zGdUiT-nvqBf--SzZjZD7O1LynUsW3t
WKAPL00023000385.jpg,https://drive.google.com/uc?export=view&id=1khwZ0AW2HwZvTQRMB_NdUBonaRGligs5
WKAPL00322001021.jpg,https://drive.google.com/uc?export=view&id=1I5YGiDLgVv9ERy0-HLf890zO1Wioa9Hk
WKAPL00221000356.jpg,https://drive.google.com/uc?export=view&id=1L8VARUrx1qJLsebHz1d7tFhCmBJCft6A
WKAPL00256001224.jpg,https://drive.google.com/uc?export=view&id=1o5OzLMMzDIhYtl0L7nfOWpC3Pbq7_JPz
WKAPL00272000363.jpg,https://drive.google.com/uc?export=view&id=1tmri3Hs8FvRyleN5uHx7d1tWJtJIrtI-
WKAPL00176000012.jpg,https://drive.google.com/uc?export=view&id=1wvzPsg7W72gzAFBo6Ss6R7EdthysL7fh
WKAPL00001000053.jpg,https://drive.google.com/uc?export=view&id=1cXZA_hUAOJdZqVFUEUoTCXb5hb7U7cBV
WKAPL00100001400.jpg,https://drive.google.com/uc?export=view&id=1pdV8mhhwSi14USf9EDGqmtyuVv5F6g4u
WKAPL00021000158.jpg,https://drive.google.com/uc?export=view&id=1u_ykcovWde-qtZbBB-fCBSd8rMhJMa2t
WKAPL00157000438.jpg,https://drive.google.com/uc?export=view&id=1QEMlZuPwxLoa1fy3Qx9OgT4wVe75tgO_
WKAPL00309000597.jpg,https://drive.google.com/uc?export=view&id=1WD-SpjWaQhLl8WugRwbVguFHKFniC71X
WKAPL00041001029.jpg,https://drive.google.com/uc?export=view&id=1jpMqczv1-eBhcMr2xjMEcTzwZCF905IT
WKAPL00283000653.jpg,https://drive.google.com/uc?export=view&id=1GhUrgq8MOu2HG_aAFRg6L4qKqGqJky5d
WKAPL00283000527.jpg,https://drive.google.com/uc?export=view&id=1Tb0WyBDgJoSJe_CjXu_5CwYMAOzU0mVE
WKAPL00187000985.jpg,https://drive.google.com/uc?export=view&id=19xPy1DPg0VxVYFD81BEbmLOgk-RtnF8S
WKAPL00007000049.jpg,https://drive.google.com/uc?export=view&id=1cDm209wAF9wu8XgNpLqc_TdK-VOD5YIM
WKAPL00325000795.jpg,https://drive.google.com/uc?export=view&id=1ryT3IFzJWKbR4wzOBMviUqdv6DyPN3CW
WKAPL00224001270.jpg,https://drive.google.com/uc?export=view&id=12I6inb_nJ0iuI3B7bFdGSLafg2rc6zGu
WKAPL00011001334.jpg,https://drive.google.com/uc?export=view&id=1Hf3v7TEVQho6rZPSPCTcFZpN4IB4I7tV
WKAPL00089000747.jpg,https://drive.google.com/uc?export=view&id=1WN_9FI6-6JCeH7T9HGjt5-Pw_Ji2HatC
WKAPL00021001101.jpg,https://drive.google.com/uc?export=view&id=1Xx2TDqe4-OcjLM9lQqS7Z7rIDlRcGTWg
WKAPL00263000945.jpg,https://drive.google.com/uc?export=view&id=1iJncJjB_q4Usbm2cibtL1ioqWuW9YiOW
WKAPL00181000125.jpg,https://drive.google.com/uc?export=view&id=12x1pPrWoSfJfk5cVM5k7zC0IRAb7jnbg
WKAPL00013001331.jpg,https://drive.google.com/uc?export=view&id=1gj1VaPOIWeC_nUisb05XLs1uFEZ8Oj7W
WKAPL00133000995.jpg,https://drive.google.com/uc?export=view&id=1zunl3GU7F4oDWOmbuK2dIpnyHsxSmdsh
WKAPL00050001103.jpg,https://drive.google.com/uc?export=view&id=1DOLT_p7mwJwaWJy3W_OlB2Ns9hCuKbM8
WKAPL00283001118.jpg,https://drive.google.com/uc?export=view&id=1sx1zsuCS3J3tg7UPD8TVCXJ2k6iHG1Y2
WKAPL00310000523.jpg,https://drive.google.com/uc?export=view&id=187GDkX1jQ8tjxZRYWN-Kl_AyIt6WjOih
WKAPL00343001347.jpg,https://drive.google.com/uc?export=view&id=14d42JewlydpuBtv3imTYI-i15JeYTnxp
WKAPL00037000818.jpg,https://drive.google.com/uc?export=view&id=1PWMp8Mdw1Odqhsf4vTgqevIi41KhdUiJ
WKAPL00339000158.jpg,https://drive.google.com/uc?export=view&id=1RuMRwaTqUcM-5TLWArUHQ7mhPOTfkfZN
WKAPL00165000788.jpg,https://drive.google.com/uc?export=view&id=1oakmyybemcW89QFMA6yrD2tgLIIf8Hpd
WKAPL00203001074.jpg,https://drive.google.com/uc?export=view&id=1JPMXblT1mnT7CSyQnFOz8pFLHMOBfn7Y
WKAPL00002000908.jpg,https://drive.google.com/uc?export=view&id=1UYSsX_5JJLzBMxFjE-SNnULo3N7r1f5d
WKAPL00012001119.jpg,https://drive.google.com/uc?export=view&id=1oi7SpKR-a0uw8WNdgl3SoUtc1bte2Aju
WKAPL00028000248.jpg,https://drive.google.com/uc?export=view&id=1XINnGF5PqG370zHJ27D98URHspYgSSgd
WKAPL00147000926.jpg,https://drive.google.com/uc?export=view&id=1jrme5nSUmRz61b2marmjN8FiuxIdPmf3
WKAPL00214000098.jpg,https://drive.google.com/uc?export=view&id=1tcDnaoN7OYFHvNlZpqHTd-sLrgjO3-BE
WKAPL00347000955.jpg,https://drive.google.com/uc?export=view&id=1AWHtvD1T1gIKlWCqWtvZODktf7K8BbFc
WKAPL00244001313.jpg,https://drive.google.com/uc?export=view&id=1LUczdPmUE7j3YsLQtkd61m5yuoaNyavg
WKAPL00269000786.jpg,https://drive.google.com/uc?export=view&id=14kn8o7IVDxe8Bsr-qPeGzIVfLd3neubi
WKAPL00199000532.jpg,https://drive.google.com/uc?export=view&id=1PmUgkxOOzJzErl478QM9_nZPQzq7i8J_
WKAPL00226000475.jpg,https://drive.google.com/uc?export=view&id=1c-5mLlcponx5gEKraw632neAuSCgodmi
WKAPL00321001264.jpg,https://drive.google.com/uc?export=view&id=1JpGmEUsgyfiP3K4lXp9uljeDmUL66S34
WKAPL00144000110.jpg,https://drive.google.com/uc?export=view&id=1ht0AkVBadDJObJhLHzke-nzp3ArhoKo1
WKAPL00288001306.jpg,https://drive.google.com/uc?export=view&id=1tidq_em8Z7OpHcGv3hFV52v7Td0rGsES
WKAPL00230000521.jpg,https://drive.google.com/uc?export=view&id=1O36tY1bUJ2nPjo8G3RzF4A_AcPuDKdAz
WKAPL00251000907.jpg,https://drive.google.com/uc?export=view&id=1SrVMyenAj5otBSfgi42TyN0Y0adppkNv
WKAPL00245000908.jpg,https://drive.google.com/uc?export=view&id=1Ex1THgI5oNICNrlOuTv3jJVRcZ7B3vLm
WKAPL00161001017.jpg,https://drive.google.com/uc?export=view&id=1lM1JR3Xln8pJwgg8jzthK0I3KH0tIjeC
WKAPL00135000787.jpg,https://drive.google.com/uc?export=view&id=1m1SlH4r7ixXHAD0jIhmsedBJqUQ-o_Gz
WKAPL00181000491.jpg,https://drive.google.com/uc?export=view&id=1LUdCXcu5EzRmB98JA_YDiHCRlHR2xKGG
WKAPL00179000293.jpg,https://drive.google.com/uc?export=view&id=1NCjfr62nRWu2q8Lmmz-LpaZnHCm7uwV3
WKAPL00030000733.jpg,https://drive.google.com/uc?export=view&id=14WlQWLPNHpkhmPKPggWKhT8Xzc5vggtA
WKAPL00074000474.jpg,https://drive.google.com/uc?export=view&id=1gGTF9UWW2F4Y-ODg2NKHxWDn1RVEx6yz
WKAPL00263000961.jpg,https://drive.google.com/uc?export=view&id=1nVovsTnssTDIYW8LLbn8eKzUkiRJvjNO
WKAPL00144000197.jpg,https://drive.google.com/uc?export=view&id=11arkSypa9CXedl120Vrq6NpnUoiMRg0M
WKAPL00192000097.jpg,https://drive.google.com/uc?export=view&id=1XbeKT98Ps3SqG4bTPLs0gM4y4canXxdY
WKAPL00129001275.jpg,https://drive.google.com/uc?export=view&id=1yxy4mlWwQCfK63dTKM65fOHPBgNIcMM-
WKAPL00105000952.jpg,https://drive.google.com/uc?export=view&id=1C6xK14ALEyAd-83sjV_8DOfoQhtZ-bYT
WKAPL00083000746.jpg,https://drive.google.com/uc?export=view&id=1cbHLrfwchZUgQiMdINPpHKoQvfGh7ac-
WKAPL00290000738.jpg,https://drive.google.com/uc?export=view&id=1CPDBJCgmqOhXiTP3z0TZktXxqf0MNRjp
WKAPL00248000732.jpg,https://drive.google.com/uc?export=view&id=1F3lgZnCQgIQ2SLXIBFNm-7PLWVi54GYQ
WKAPL00213000872.jpg,https://drive.google.com/uc?export=view&id=1PyRZrJnc9Du7tlgm4HkMOU_kTLp4OvTu
WKAPL00202000516.jpg,https://drive.google.com/uc?export=view&id=1dDneP_zIEtD4R9th3s1lXzHm3Veka2uH
WKAPL00265001109.jpg,https://drive.google.com/uc?export=view&id=1nSvUFEJM1l9YZzyaNEwRqCI7BRWoVkqK
WKAPL00341001269.jpg,https://drive.google.com/uc?export=view&id=1DxL8mYt8MhInKGrgS9lW22gThguhnRac
WKAPL00092000125.jpg,https://drive.google.com/uc?export=view&id=1E9ZfMxPgE1kYbcWpEc21Okb692q-lO7T
WKAPL00189000086.jpg,https://drive.google.com/uc?export=view&id=1qfdRD_2qRy-sA2CDnCXah45JZjuOSfc_
WKAPL00078000694.jpg,https://drive.google.com/uc?export=view&id=1jUv6JzDtvm4yzmdNloCZkUqAtCyra_mA
WKAPL00134001074.jpg,https://drive.google.com/uc?export=view&id=1lW2QCpVa9zrg-LV5msSkaytc_ex98wJX
WKAPL00119001113.jpg,https://drive.google.com/uc?export=view&id=1pPV0xqCoFS1tN7e73PX_qgKoqP3lVWgv
WKAPL00349001042.jpg,https://drive.google.com/uc?export=view&id=19rCe7NWqj8b7qZzSGh_WZ5vkUpd1Imck
WKAPL00292001195.jpg,https://drive.google.com/uc?export=view&id=1b1hFXFJ30AmZKggnR8KsKpZI1JBHCBjm
WKAPL00148000059.jpg,https://drive.google.com/uc?export=view&id=1AVu_z7qJfveJFczMKJwwUDfwnSdhG2eL
WKAPL00069000456.jpg,https://drive.google.com/uc?export=view&id=1cqOZZskHwQAYHsbrf-8u5Wp7qtd6yl_R
WKAPL00256000810.jpg,https://drive.google.com/uc?export=view&id=1z_zxaRZVcOhMJ0g44JlrzTOCVH2gAR_T
WKAPL00153000221.jpg,https://drive.google.com/uc?export=view&id=1h-o-Z2YumXVHtKjO-hPX0oYdA1pMgf1C
WKAPL00047000010.jpg,https://drive.google.com/uc?export=view&id=1tOBa-IwPlIO6jM1sz3qq0kooo-SFBEfd
WKAPL00198000966.jpg,https://drive.google.com/uc?export=view&id=1NvvLqePeJWWRiyOSwgaaZ8fxUR5KlrJ7
WKAPL00212000864.jpg,https://drive.google.com/uc?export=view&id=1U56GS8mVCO8stlT2ZXcjLZMGYD-ym1HT
WKAPL00324000343.jpg,https://drive.google.com/uc?export=view&id=1nxYugSff1hGlahE4yif0D4Np8k7qZWF4
WKAPL00168000620.jpg,https://drive.google.com/uc?export=view&id=1-mS85sXaPyhx8PPlDEPtPoBMzI9yG2wF
WKAPL00132000095.jpg,https://drive.google.com/uc?export=view&id=1zWq9q_UDwXvsgVuO67jgsTecQ-5zsqBv
WKAPL00214000626.jpg,https://drive.google.com/uc?export=view&id=1BkRkh85BH7s6gH_I5OtDI3bnC7vvDePb
WKAPL00259000485.jpg,https://drive.google.com/uc?export=view&id=1BpPNdDUbcF7KlFqvD0CxLgtlAlrOo1mU
WKAPL00159001210.jpg,https://drive.google.com/uc?export=view&id=1VxF_OQu6Ml9yP5C68KoNK0klgDuy7nxQ
WKAPL00318000633.jpg,https://drive.google.com/uc?export=view&id=1NTuQ4f3g2Hp_ukNiejEETivvQ4YswQ12
WKAPL00335001323.jpg,https://drive.google.com/uc?export=view&id=1f1VAzWTyKJ-pXswb48U7qPPN6icav2DN